City_ID,City,Lat,Lng,Max Temp,Humidity,Cloudiness,Wind Speed,Country,Date
0,port-aux-francais,-49.35,70.2167,4.55,93.0,100.0,14.98,TF,1726707102.0
1,st anne,49.715,-2.2042,17.09,94.0,75.0,8.23,GG,1726707102.0
2,suva,-18.1416,178.4415,24.71,61.0,75.0,3.6,FJ,1726707102.0
3,adamstown,-25.066,-130.1015,21.35,76.0,41.0,2.0,PN,1726706863.0
4,tolanaro,-25.0319,46.9987,22.04,88.0,0.0,8.23,MG,1726707102.0
5,isafjordur,66.0755,-23.124,0.25,85.0,82.0,5.02,IS,1726707102.0
6,atafu village,-8.5421,-172.5159,27.57,69.0,4.0,0.93,TK,1726707103.0
7,iskateley,67.6803,53.1512,9.53,93.0,100.0,1.45,RU,1726707103.0
8,wailua homesteads,22.0669,-159.378,29.44,73.0,20.0,6.17,US,1726707103.0
9,puerto natales,-51.7236,-72.4875,0.37,86.0,13.0,1.91,CL,1726706847.0
10,west bay,19.3667,-81.4167,30.04,74.0,20.0,2.57,KY,1726707103.0
11,tiksi,71.6872,128.8694,1.0,96.0,100.0,7.08,RU,1726707104.0
12,saint-francois,46.4154,3.9054,7.69,100.0,2.0,1.03,FR,1726707104.0
13,nova sintra,14.8667,-24.7167,27.47,70.0,33.0,1.41,CV,1726707104.0
14,puerto baquerizo moreno,-0.9,-89.6,20.74,80.0,100.0,6.36,EC,1726707104.0
15,papatowai,-46.5619,169.4708,9.22,88.0,100.0,5.55,NZ,1726707104.0
16,urzhar,47.093,81.6294,10.3,27.0,0.0,2.79,KZ,1726707104.0
17,qaqortoq,60.7167,-46.0333,5.67,59.0,100.0,2.31,GL,1726707105.0
18,bilibino,68.0546,166.4372,2.85,74.0,87.0,1.09,RU,1726707105.0
19,lycksele,64.5954,18.6735,8.93,100.0,7.0,0.0,SE,1726707105.0
20,toga village,,,,,,,,
21,porto novo,6.4965,2.6036,24.86,88.0,100.0,4.06,BJ,1726707105.0
22,petropavlovsk-kamchatsky,53.0452,158.6483,10.33,82.0,75.0,1.0,RU,1726707107.0
23,san patricio,28.017,-97.5169,30.97,68.0,6.0,5.35,US,1726707107.0
24,barah,13.7,30.3667,28.42,61.0,1.0,3.25,SD,1726707107.0
25,yellowknife,62.456,-114.3525,13.01,78.0,75.0,6.17,CA,1726707107.0
26,floro,61.5996,5.0328,12.98,94.0,99.0,3.09,NO,1726707107.0
27,soanierana ivongo,-16.9167,49.5833,19.66,91.0,41.0,1.25,MG,1726707108.0
28,shimo-furano,43.35,142.3833,20.57,59.0,1.0,4.29,JP,1726707108.0
29,upata,8.0086,-62.3989,22.65,94.0,81.0,1.68,VE,1726707108.0
30,taltal,-25.4,-70.4833,16.21,71.0,0.0,2.56,CL,1726706824.0
31,yaren,-0.5472,166.916,28.34,66.0,1.0,2.69,NR,1726707108.0
32,albany,42.6001,-73.9662,19.4,69.0,100.0,1.23,US,1726707021.0
33,keflavik,64.0049,-22.5624,5.24,81.0,75.0,5.66,IS,1726707109.0
34,remire-montjoly,4.9167,-52.2667,26.02,89.0,0.0,2.06,GF,1726707109.0
35,irymple,-34.25,142.1667,18.94,50.0,0.0,0.89,AU,1726707109.0
36,waitangi,-43.9535,-176.5597,12.68,78.0,8.0,3.58,NZ,1726707109.0
37,barpeta,26.3167,91.0,28.44,78.0,7.0,0.4,IN,1726706942.0
38,shirvan,39.9509,48.8994,18.6,63.0,100.0,3.92,AZ,1726707109.0
39,yarmouth,41.7057,-70.2286,19.23,92.0,0.0,2.24,US,1726707109.0
40,ushuaia,-54.8,-68.3,5.81,45.0,40.0,7.2,AR,1726707110.0
41,broken hill,-31.95,141.4333,19.42,19.0,0.0,7.29,AU,1726707110.0
42,puerto ayora,-0.7393,-90.3518,20.8,81.0,99.0,4.94,EC,1726707110.0
43,opuwo,-18.0607,13.84,17.54,32.0,4.0,1.77,NA,1726707110.0
44,grytviken,-54.2811,-36.5092,-1.42,77.0,22.0,6.37,GS,1726707110.0
45,yagry,,,,,,,,
46,turan,16.0678,108.2208,24.99,94.0,75.0,2.06,VN,1726707111.0
47,curuca,-0.7289,-47.8481,25.61,79.0,0.0,2.14,BR,1726707111.0
48,ornskoldsvik,63.2909,18.7153,13.53,88.0,6.0,2.57,SE,1726707111.0
49,pasuquin,18.3328,120.6177,27.97,89.0,75.0,2.06,PH,1726707111.0
50,meadow lakes,61.6247,-149.6011,10.93,85.0,75.0,1.54,US,1726707111.0
51,iqaluit,63.7506,-68.5145,2.85,86.0,75.0,5.14,CA,1726707111.0
52,surskoye,54.4821,46.7214,13.56,48.0,99.0,2.16,RU,1726707111.0
53,west island,-12.1568,96.8225,25.99,73.0,20.0,6.69,CC,1726707112.0
54,edinburgh of the seven seas,-37.0676,-12.3116,13.49,83.0,100.0,10.74,SH,1726707112.0
55,hermanus,-34.4187,19.2345,9.33,75.0,98.0,5.55,ZA,1726707112.0
56,mejit,10.2753,170.8646,28.33,75.0,56.0,3.08,MH,1726707112.0
57,beberibe,-4.1797,-38.1306,25.62,80.0,0.0,6.59,BR,1726707112.0
58,tofol,5.3248,163.0078,29.88,70.0,75.0,3.09,FM,1726707112.0
59,priyutnoye,46.1011,43.5072,11.66,50.0,1.0,3.85,RU,1726707112.0
60,beohari,24.05,81.3833,22.17,92.0,0.0,2.08,IN,1726707113.0
61,saint-philippe,-21.3585,55.7679,20.56,84.0,7.0,3.63,RE,1726707113.0
62,nanzhang chengguanzhen,31.7839,111.8275,23.84,80.0,100.0,2.42,CN,1726707113.0
63,ust'-kulom,61.6864,53.6902,12.2,96.0,100.0,2.62,RU,1726707114.0
64,kinablangan,7.6947,126.5503,28.03,74.0,100.0,4.81,PH,1726707114.0
65,klyuchi,52.2667,79.1667,6.87,70.0,0.0,3.13,RU,1726707114.0
66,taro,-8.3862,115.28,26.24,59.0,93.0,0.48,ID,1726707114.0
67,emerald,-23.5333,148.1667,21.86,61.0,99.0,2.76,AU,1726707114.0
68,alotau,-10.3069,150.4462,28.62,73.0,98.0,2.64,PG,1726707114.0
69,ploneour-lanvern,47.9,-4.2833,16.18,94.0,53.0,4.12,FR,1726707115.0
70,pampierstad,-27.7832,24.6877,11.28,17.0,0.0,4.62,ZA,1726707115.0
71,nuuk,64.1835,-51.7216,5.34,81.0,100.0,4.12,GL,1726707115.0
72,forster,-32.1667,152.5167,24.65,35.0,0.0,3.23,AU,1726707115.0
73,st. john's,47.5649,-52.7093,15.54,93.0,16.0,0.82,CA,1726707115.0
74,jamestown,42.097,-79.2353,19.8,88.0,0.0,2.57,US,1726707115.0
75,sandnessjoen,66.0217,12.6316,15.11,91.0,100.0,11.8,NO,1726707115.0
76,pico truncado,-46.7949,-67.9573,7.31,77.0,100.0,5.22,AR,1726707116.0
77,bethel,41.3712,-73.414,19.95,85.0,0.0,0.0,US,1726706980.0
78,mandalgovi,45.7625,106.2708,3.15,74.0,100.0,7.81,MN,1726707116.0
79,margaret river,-33.95,115.0667,12.52,55.0,0.0,3.33,AU,1726707116.0
80,stanley,54.868,-1.6985,11.01,91.0,75.0,0.0,GB,1726707116.0
81,turaif,31.6725,38.6637,19.14,55.0,0.0,4.12,SA,1726707116.0
82,thompson,55.7435,-97.8558,23.09,60.0,75.0,1.03,CA,1726707116.0
83,gozyeri,40.866,32.5417,10.64,95.0,100.0,1.02,TR,1726707117.0
84,maturin,9.75,-63.1767,27.91,100.0,46.0,1.03,VE,1726706968.0
85,blackmans bay,-43.0167,147.3167,11.07,68.0,100.0,6.12,AU,1726707117.0
86,newman,37.3138,-121.0208,24.47,51.0,99.0,2.68,US,1726707117.0
87,sitka,57.0531,-135.33,12.94,88.0,100.0,2.57,US,1726707117.0
88,longyearbyen,78.2186,15.6401,6.91,76.0,75.0,5.14,SJ,1726707117.0
89,severo-yeniseyskiy,60.3725,93.0408,6.13,97.0,100.0,3.65,RU,1726707118.0
90,utrik,11.2278,169.8474,28.41,81.0,100.0,5.96,MH,1726707118.0
91,olonkinbyen,70.9221,-8.7187,0.31,99.0,100.0,12.07,SJ,1726707118.0
92,shitanjing,39.2342,106.3439,21.4,75.0,66.0,3.31,CN,1726707118.0
93,sinabang,2.4803,96.3801,26.68,80.0,91.0,0.89,ID,1726707118.0
94,bull savanna,17.8868,-77.5902,26.66,77.0,95.0,4.24,JM,1726707118.0
95,al kharijah,25.4514,30.5464,25.63,32.0,0.0,3.83,EG,1726706991.0
96,fonadhoo,,,,,,,,
97,bredasdorp,-34.5322,20.0403,9.41,90.0,77.0,1.79,ZA,1726707119.0
98,naantali,60.4674,22.0243,9.23,100.0,100.0,1.54,FI,1726707119.0
99,lerwick,60.1545,-1.1494,12.3,88.0,100.0,5.06,GB,1726707119.0
100,ust-nera,64.5667,143.2,3.36,82.0,100.0,2.6,RU,1726707120.0
101,chegdomyn,51.1167,133.0167,7.47,54.0,100.0,1.75,RU,1726707120.0
102,kavaratti,10.5669,72.642,27.62,76.0,100.0,6.4,IN,1726707120.0
103,urangan,-25.3,152.9,20.46,73.0,82.0,6.63,AU,1726707120.0
104,pariaman,-0.619,100.12,25.03,78.0,78.0,0.97,ID,1726707120.0
105,vorgashor,67.5833,63.95,7.3,92.0,100.0,2.67,RU,1726707120.0
106,znamenskoye,57.1281,73.8282,6.35,85.0,52.0,2.44,RU,1726707120.0
107,livingston,55.9029,-3.5226,10.88,95.0,23.0,1.21,GB,1726706896.0
108,felipe carrillo puerto,19.5833,-88.05,25.45,97.0,73.0,1.37,MX,1726707121.0
109,port elizabeth,-33.918,25.5701,13.16,96.0,100.0,12.86,ZA,1726707121.0
110,akureyri,65.6835,-18.0878,3.96,87.0,100.0,2.06,IS,1726707121.0
111,aasiaat,68.7098,-52.8699,-4.62,87.0,15.0,3.62,GL,1726707121.0
112,georgetown,5.4112,100.3354,25.96,93.0,40.0,1.54,MY,1726707080.0
113,saint-joseph,-21.3667,55.6167,19.21,83.0,13.0,3.14,RE,1726707121.0
114,college,64.8569,-147.8028,9.99,85.0,100.0,4.12,US,1726707122.0
115,tsiombe,-25.3,45.4833,22.27,68.0,6.0,2.3,MG,1726707122.0
116,udachny,66.4167,112.4,-1.62,80.0,70.0,5.6,RU,1726707122.0
117,fale old settlement,-9.3852,-171.2468,27.85,67.0,0.0,0.93,TK,1726707122.0
118,ribeira grande,38.5167,-28.7,19.87,78.0,3.0,3.58,PT,1726707122.0
119,anadyr,64.75,177.4833,8.28,75.0,20.0,3.0,RU,1726707122.0
120,nizao,18.25,-70.2,27.44,80.0,0.0,3.81,DO,1726707122.0
121,punta arenas,-53.15,-70.9167,3.06,60.0,0.0,4.63,CL,1726707123.0
122,pacocha,-17.5833,-71.3333,15.18,90.0,20.0,1.93,PE,1726707123.0
123,coaraci,-14.6408,-39.5511,18.11,98.0,31.0,0.91,BR,1726707040.0
124,nazir town,33.3061,73.4833,23.48,57.0,1.0,1.17,PK,1726707123.0
125,tocopilla,-22.092,-70.1979,17.9,71.0,37.0,1.94,CL,1726707123.0
126,naze,28.3667,129.4833,26.51,90.0,100.0,9.99,JP,1726707124.0
127,nemuro,43.3236,145.575,18.67,73.0,19.0,9.07,JP,1726707124.0
128,fada,7.25,4.0667,22.23,100.0,100.0,1.14,NG,1726707125.0
129,mary,37.0,62.5,16.07,55.0,9.0,2.35,TM,1726707125.0
130,cristalina,-16.7686,-47.6136,23.81,43.0,41.0,3.64,BR,1726707125.0
131,green cove springs,29.9919,-81.6781,25.56,94.0,20.0,1.19,US,1726707125.0
132,bellampalli,19.0558,79.493,23.91,86.0,0.0,1.04,IN,1726707125.0
133,sola,-13.8833,167.55,27.37,69.0,75.0,2.06,VU,1726707126.0
134,bengkulu,-3.8004,102.2655,24.9,74.0,100.0,2.02,ID,1726707126.0
135,hawaiian paradise park,19.5933,-154.9731,28.74,70.0,20.0,4.12,US,1726707126.0
136,jiangyou,31.7667,104.7167,25.95,79.0,96.0,1.3,CN,1726707126.0
137,'ohonua,,,,,,,,
138,mocajuba,-2.5842,-49.5072,28.31,65.0,42.0,3.12,BR,1726707114.0
139,leku,6.8667,38.45,15.05,93.0,100.0,1.53,ET,1726707127.0
140,malakal,9.5334,31.6605,22.75,91.0,99.0,1.63,SS,1726707127.0
141,callao,-12.0667,-77.15,17.07,82.0,75.0,6.17,PE,1726707127.0
142,tura,25.5198,90.2201,25.97,90.0,9.0,1.1,IN,1726707127.0
143,hoxtolgay,,,,,,,,
144,tambacounda,13.7539,-13.7586,26.03,100.0,0.0,2.06,SN,1726707127.0
145,taiohae,,,,,,,,
146,margate,51.3813,1.3862,17.15,89.0,2.0,0.89,GB,1726707128.0
147,port lincoln,-34.7333,135.8667,14.02,61.0,12.0,8.05,AU,1726707128.0
148,katsuura,35.1333,140.3,28.98,78.0,53.0,2.6,JP,1726707128.0
149,aykhal,66.0,111.5,-2.7,84.0,77.0,4.01,RU,1726707128.0
150,witu,-2.3889,40.4382,22.77,84.0,6.0,3.05,KE,1726707128.0
151,saipan,15.1355,145.701,29.39,84.0,75.0,2.57,MP,1726706848.0
152,san borja,-14.8167,-66.85,27.64,40.0,13.0,1.79,BO,1726707129.0
153,kerikeri,-35.2268,173.9474,18.84,59.0,44.0,4.47,NZ,1726707129.0
154,weno,7.4515,151.8468,31.97,74.0,40.0,3.09,FM,1726707129.0
155,geraldton,-28.7667,114.6,15.23,77.0,0.0,4.12,AU,1726707129.0
156,antalaha,-14.9003,50.2788,20.97,75.0,71.0,2.31,MG,1726707129.0
157,nogliki,51.8333,143.1667,11.14,60.0,97.0,9.22,RU,1726707129.0
158,xichang,27.8964,102.2634,21.36,79.0,34.0,0.63,CN,1726706966.0
159,kuta,-8.7233,115.1723,26.97,83.0,20.0,2.57,ID,1726707129.0
160,mayna,54.1135,47.6231,9.87,47.0,1.0,1.74,RU,1726707130.0
161,la ronge,55.1001,-105.2842,20.14,73.0,75.0,3.09,CA,1726707130.0
162,lompoc,34.6391,-120.4579,18.07,86.0,100.0,3.6,US,1726707130.0
163,nchelenge,-9.3451,28.734,22.67,42.0,0.0,2.1,ZM,1726707130.0
164,kununurra,-15.7667,128.7333,29.99,37.0,76.0,4.63,AU,1726707130.0
165,san antonio de pale,-1.4014,5.6325,24.5,83.0,100.0,4.83,GQ,1726707130.0
166,port hedland,-20.3167,118.5667,32.03,23.0,3.0,5.66,AU,1726707130.0
167,christchurch,-43.5333,172.6333,15.51,53.0,100.0,6.17,NZ,1726707029.0
168,padang,-0.9492,100.3543,25.03,76.0,42.0,0.46,ID,1726706881.0
169,ad dilam,23.9915,47.1627,28.67,28.0,0.0,1.88,SA,1726707131.0
170,cestos city,5.46,-9.5828,24.63,90.0,100.0,3.03,LR,1726707131.0
171,rawai,7.7797,98.3253,26.91,85.0,100.0,11.25,TH,1726707131.0
172,khost,33.3395,69.9204,23.33,51.0,0.0,0.43,AF,1726707131.0
173,sinop,41.7711,34.8709,15.08,98.0,100.0,0.22,TR,1726707131.0
174,dryden,49.7833,-92.7503,25.16,73.0,40.0,1.54,CA,1726707132.0
175,gallivare,,,,,,,,
176,palikir - national government center,6.9248,158.1611,32.41,62.0,40.0,3.09,FM,1726707132.0
177,katsuren-haebaru,26.3369,127.8719,30.21,91.0,100.0,8.75,JP,1726707132.0
178,bisert',56.8617,59.0523,9.91,97.0,14.0,1.93,RU,1726707132.0
179,manokwari,-0.8667,134.0833,29.61,68.0,53.0,6.37,ID,1726707132.0
180,luderitz,-26.6481,15.1594,12.76,77.0,0.0,10.31,NA,1726707132.0
181,vilyuchinsk,52.9306,158.4028,11.15,88.0,100.0,1.8,RU,1726707133.0
182,codrington,-38.2667,141.9667,12.92,62.0,83.0,10.6,AU,1726707133.0
183,x-can,20.8593,-87.6697,27.09,82.0,10.0,1.74,MX,1726707133.0
184,el granada,37.5027,-122.4694,20.79,81.0,20.0,6.69,US,1726707133.0
185,zhosaly,45.4878,64.0781,15.58,33.0,44.0,7.0,KZ,1726707133.0
186,sisimiut,66.9395,-53.6735,3.09,77.0,90.0,0.66,GL,1726707134.0
187,pandan,14.0453,124.1694,29.74,70.0,72.0,4.32,PH,1726707134.0
188,gizo,-8.103,156.8419,28.9,72.0,100.0,1.34,SB,1726707134.0
189,san jose village,,,,,,,,
190,pisco,-13.7,-76.2167,16.03,88.0,100.0,6.69,PE,1726707028.0
191,tralee,52.2704,-9.7026,11.69,92.0,0.0,2.06,IE,1726707134.0
192,beboto,8.2668,16.939,22.62,96.0,100.0,1.99,TD,1726707134.0
193,kaa-khem,51.6833,94.7333,5.1,47.0,0.0,0.63,RU,1726707135.0
194,saki,8.6667,3.3833,20.51,99.0,94.0,1.72,NG,1726707090.0
195,mata-utu,-13.2816,-176.1745,27.1,75.0,90.0,3.69,WF,1726707135.0
196,vorkuta,67.5,64.0,7.73,91.0,100.0,2.51,RU,1726707135.0
197,kerema,-7.9631,145.7785,28.03,81.0,100.0,2.98,PG,1726707135.0
198,hamilton,39.1834,-84.5333,26.65,64.0,40.0,1.54,US,1726707088.0
199,illizi,26.4833,8.4667,33.06,20.0,5.0,4.29,DZ,1726707136.0
200,tazovsky,67.4667,78.7,6.86,86.0,100.0,5.09,RU,1726707136.0
201,sena madureira,-9.0656,-68.6569,31.3,35.0,100.0,1.4,BR,1726707136.0
202,ilulissat,69.2167,-51.1,1.01,86.0,13.0,2.06,GL,1726707136.0
203,puerto ayacucho,5.6639,-67.6236,25.55,87.0,100.0,2.33,VE,1726707136.0
204,lihue,21.9789,-159.3672,29.77,65.0,20.0,6.17,US,1726707136.0
205,dunedin,-45.8742,170.5036,13.78,55.0,99.0,2.68,NZ,1726707137.0
206,shache,38.4167,77.2406,20.32,31.0,0.0,0.99,CN,1726707137.0
207,rio grande,-32.035,-52.0986,15.76,90.0,0.0,6.94,BR,1726707064.0
208,simanggang,1.2472,111.4528,25.01,94.0,20.0,2.24,MY,1726707137.0
209,mikuni,36.2171,136.1519,28.24,78.0,99.0,1.77,JP,1726707137.0
210,invercargill,-46.4,168.35,7.79,92.0,95.0,5.36,NZ,1726707137.0
211,egilsstadir,65.2653,-14.3948,5.95,70.0,0.0,3.6,IS,1726707137.0
212,garhi khairo,28.0606,67.9803,29.61,46.0,0.0,3.81,PK,1726707138.0
213,salavan,15.7167,106.4167,22.18,99.0,100.0,1.77,LA,1726707138.0
214,arafat,39.0344,44.6198,10.6,76.0,100.0,1.12,IR,1726707138.0
215,chibougamau,49.9168,-74.3659,19.79,77.0,40.0,1.54,CA,1726706838.0
216,trairi,-3.2778,-39.2689,25.55,78.0,0.0,5.26,BR,1726707138.0
217,ibaiti,-23.8486,-50.1878,15.89,82.0,0.0,2.68,BR,1726706900.0
218,gadzhiyevo,69.2551,33.3362,11.06,84.0,99.0,6.92,RU,1726707138.0
219,coron,11.9986,120.2043,27.17,89.0,100.0,6.15,PH,1726707139.0
220,undurkhaan,47.3194,110.6556,4.38,54.0,100.0,4.68,MN,1726707139.0
221,easley,34.8298,-82.6015,21.83,90.0,100.0,1.54,US,1726706986.0
222,yelizovo,53.1873,158.3805,11.08,82.0,75.0,1.0,RU,1726707139.0
223,badnawar,23.0167,75.2167,21.33,94.0,8.0,5.35,IN,1726707139.0
224,hondo,32.45,130.2,28.11,73.0,100.0,3.77,JP,1726707139.0
225,turpan,42.9333,89.1667,23.07,23.0,0.0,1.64,CN,1726707140.0
226,lebu,-37.6167,-73.65,10.97,89.0,12.0,9.54,CL,1726706894.0
227,whitehorse,60.7161,-135.0538,10.01,69.0,100.0,3.6,CA,1726707140.0
228,ghat,24.9647,10.1728,32.06,32.0,100.0,0.85,LY,1726707140.0
229,yako,12.9667,-2.2667,24.85,82.0,98.0,2.66,BF,1726707140.0
230,vilyuysk,63.7553,121.6247,1.49,67.0,73.0,3.07,RU,1726707140.0
231,cartersville,34.1651,-84.7999,23.24,79.0,20.0,0.0,US,1726707140.0
232,malvan,16.0667,73.4667,24.27,88.0,100.0,2.17,IN,1726707141.0
233,banda aceh,5.5577,95.3222,27.34,73.0,100.0,7.64,ID,1726707141.0
234,polyarnyy,69.1989,33.4478,10.7,85.0,100.0,6.48,RU,1726707141.0
235,pont rouge,48.8833,-72.0825,18.13,68.0,12.0,2.65,CA,1726707141.0
236,akrehamn,59.2667,5.1833,11.14,93.0,11.0,3.6,NO,1726707141.0
237,kuqa,41.7278,82.9364,22.94,25.0,100.0,2.19,CN,1726707141.0
238,paita,-5.0892,-81.1144,17.49,85.0,1.0,6.41,PE,1726707142.0
239,mitu,1.1983,-70.1733,25.63,76.0,13.0,1.18,CO,1726707039.0
240,hanawa,40.1836,140.7872,24.4,56.0,100.0,2.69,JP,1726707142.0
241,tambopata,-12.7333,-69.1833,26.38,47.0,7.0,0.14,PE,1726707142.0
242,panchagarh,26.3313,88.562,27.43,77.0,25.0,1.85,BD,1726707028.0
243,pingliang,35.5392,106.6861,20.62,84.0,77.0,2.92,CN,1726707142.0
244,kapa'a,22.0752,-159.319,30.18,70.0,20.0,6.17,US,1726707143.0
245,praia da vitoria,38.7333,-27.0667,21.14,68.0,20.0,5.01,PT,1726707143.0
246,nar'yan-mar,67.6713,53.087,9.55,93.0,100.0,1.5,RU,1726707143.0
247,mili,6.0815,171.735,28.24,71.0,8.0,1.81,MH,1726707143.0
248,mar del plata,-38.0023,-57.5575,16.4,96.0,100.0,2.68,AR,1726706960.0
249,cable beach,,,,,,,,
250,ouargaye,11.5033,0.0572,23.14,94.0,97.0,2.3,BF,1726707144.0
251,darwin,-12.4611,130.8418,28.99,61.0,40.0,5.81,AU,1726707144.0
252,alaghsas,17.0187,8.0168,32.36,39.0,20.0,1.04,NE,1726707144.0
253,zhumysker,49.3333,49.4,10.24,41.0,0.0,3.91,KZ,1726707144.0
254,villamontes,-21.25,-63.5,23.79,40.0,6.0,0.78,BO,1726707144.0
255,enewetak,11.3474,162.3373,28.95,76.0,14.0,6.93,MH,1726707145.0
256,jiagedaqi,50.4167,124.1167,9.2,75.0,99.0,1.24,CN,1726707145.0
257,tabou,4.423,-7.3528,23.96,90.0,47.0,3.84,CI,1726707145.0
258,pailon,-17.65,-62.75,27.54,36.0,0.0,2.63,BO,1726707145.0
259,port douglas,-16.4833,145.4667,24.38,78.0,93.0,3.05,AU,1726707145.0
260,inarajan village,13.2736,144.7484,31.89,87.0,88.0,4.95,GU,1726707145.0
261,buritis,-15.6178,-46.4233,26.6,41.0,35.0,2.19,BR,1726707074.0
262,susuman,62.7833,148.1667,5.76,53.0,100.0,0.44,RU,1726707146.0
263,okhotsk,59.3833,143.3,9.34,58.0,100.0,0.63,RU,1726707146.0
264,capinota,-17.7167,-66.2333,17.93,48.0,100.0,2.06,BO,1726707146.0
265,port mathurin,-19.6833,63.4167,21.85,83.0,13.0,6.93,MU,1726707146.0
266,chonchi,-42.6128,-73.8092,8.95,97.0,100.0,0.46,CL,1726706894.0
267,altay,47.8667,88.1167,7.2,32.0,0.0,1.57,CN,1726707147.0
268,afaahiti,-17.75,-149.2833,24.58,81.0,24.0,4.48,PF,1726707147.0
269,howrah,22.5892,88.3103,28.0,94.0,40.0,1.54,IN,1726707147.0
270,port alfred,-33.5906,26.891,13.43,86.0,92.0,1.34,ZA,1726707147.0
271,kodiak,57.79,-152.4072,14.73,47.0,75.0,11.32,US,1726707147.0
272,popondetta,-8.7537,148.2534,31.5,57.0,84.0,2.42,PG,1726707147.0
273,sur,22.5667,59.5289,30.93,48.0,0.0,2.42,OM,1726707148.0
274,ilhabela,-23.7781,-45.3581,20.17,86.0,47.0,4.82,BR,1726707148.0
275,magnitogorsk,53.4186,59.0472,3.46,81.0,23.0,2.0,RU,1726707148.0
276,mindelo,16.8901,-24.9804,25.75,83.0,75.0,4.63,CV,1726707148.0
277,alexandria,31.2156,29.9553,24.81,65.0,0.0,2.13,EG,1726706943.0
278,betul,21.9153,77.8961,20.31,95.0,1.0,1.92,IN,1726707149.0
279,fort st. john,56.2499,-120.8529,16.94,39.0,75.0,7.72,CA,1726707149.0
280,grand baie,-20.0182,57.5802,20.81,91.0,17.0,5.52,MU,1726707149.0
281,la'ie,21.6477,-157.9253,29.66,72.0,57.0,2.24,US,1726707149.0
282,sanctuary point,-35.1114,150.629,22.17,26.0,0.0,6.07,AU,1726707149.0
283,podporozh'ye,60.9112,34.1706,10.41,94.0,98.0,1.82,RU,1726707150.0
284,puerto penasco,31.3167,-113.5333,28.28,49.0,7.0,3.58,MX,1726707150.0
285,noumea,-22.2763,166.4572,25.56,97.0,3.0,4.43,NC,1726707150.0
286,libreville,0.3925,9.4537,25.0,87.0,20.0,2.85,GA,1726707150.0
287,winslow,35.0242,-110.6974,27.1,18.0,0.0,6.17,US,1726707150.0
288,inda silase,14.1031,38.2829,15.17,71.0,80.0,1.35,ET,1726707150.0
289,sungjibaegam,41.2428,128.7989,13.87,96.0,100.0,2.07,KP,1726707151.0
290,walvis bay,-22.9575,14.5053,10.71,88.0,0.0,1.99,NA,1726707151.0
291,quatre cocos,-20.2078,57.7625,22.06,86.0,58.0,4.48,MU,1726707151.0
292,kiffa,16.6166,-11.4045,29.09,65.0,96.0,2.67,MR,1726707151.0
293,shiqi,22.5168,113.3852,31.06,61.0,99.0,2.68,CN,1726707151.0
294,kegen,43.0197,79.2203,6.95,80.0,0.0,2.44,KZ,1726707151.0
295,kingston,17.997,-76.7936,31.53,62.0,20.0,7.72,JM,1726707007.0
296,kafr laha,34.8947,36.4958,20.6,79.0,100.0,6.35,SY,1726707152.0
297,puerto san carlos,,,,,,,,
298,uturoa,-16.7333,-151.4333,26.4,80.0,10.0,4.89,PF,1726707152.0
299,monze,-16.2833,27.4833,20.09,29.0,0.0,1.77,ZM,1726707152.0
300,biharamulo,-2.6319,31.3089,18.49,68.0,100.0,0.43,TZ,1726707152.0
301,marsabit,2.3284,37.9899,17.28,69.0,15.0,7.96,KE,1726707152.0
302,vejalpur,22.6833,73.5667,23.51,90.0,12.0,2.89,IN,1726707153.0
303,loukhi,66.0764,33.0381,8.49,95.0,16.0,2.41,RU,1726707153.0
304,cidreira,-30.1811,-50.2056,17.61,83.0,0.0,10.29,BR,1726707153.0
305,talnakh,69.4865,88.3972,1.88,99.0,100.0,3.61,RU,1726707153.0
306,vingt cinq,,,,,,,,
307,muroto-misakicho,33.2833,134.15,28.77,79.0,31.0,2.91,JP,1726707154.0
308,constantia,44.1833,28.65,15.39,80.0,100.0,7.51,RO,1726707073.0
309,lhasa,29.65,91.1,13.62,62.0,0.0,1.24,CN,1726707154.0
310,serdobsk,52.4586,44.2169,9.87,32.0,11.0,0.82,RU,1726707154.0
311,pokhara,28.2333,83.9833,21.37,61.0,0.0,2.26,NP,1726707154.0
312,sos'va,59.1766,61.8558,9.53,95.0,4.0,1.72,RU,1726707154.0
313,holualoa,19.6228,-155.9522,26.91,85.0,75.0,2.06,US,1726707025.0
314,acapulco de juarez,16.8634,-99.8901,30.9,74.0,75.0,2.57,MX,1726707109.0
315,avarua,-21.2078,-159.775,24.03,88.0,40.0,2.06,CK,1726707155.0
316,tazacorte,28.629,-17.9293,20.54,84.0,0.0,2.57,ES,1726707155.0
317,mamit,23.9333,92.4833,25.13,87.0,54.0,0.54,IN,1726707155.0
318,klaksvik,62.2266,-6.589,12.24,90.0,100.0,4.5,FO,1726707155.0
319,barra de santo antonio,-9.4047,-35.5072,23.86,79.0,1.0,5.06,BR,1726707155.0
320,riachao do jacuipe,-11.8069,-39.3856,20.62,79.0,0.0,4.0,BR,1726707156.0
321,sergeyevka,53.88,67.4158,6.65,68.0,8.0,1.64,KZ,1726707156.0
322,belem de sao francisco,-8.7539,-38.9658,23.75,61.0,0.0,9.23,BR,1726707156.0
323,fort bragg,35.139,-79.006,23.23,89.0,100.0,2.57,US,1726707156.0
324,gordonvale,-17.0936,145.7842,27.75,78.0,100.0,1.8,AU,1726707156.0
325,aswan,24.0934,32.907,28.61,21.0,0.0,2.57,EG,1726707058.0
326,knyaginino,55.8228,45.0349,13.08,65.0,72.0,3.35,RU,1726707157.0
327,pyinmana,19.7333,96.2167,25.98,89.0,23.0,0.67,MM,1726707157.0
328,fort-de-france,14.6089,-61.0733,26.97,89.0,100.0,2.06,MQ,1726707015.0
329,sechura,-5.5569,-80.8222,17.97,81.0,0.0,7.39,PE,1726707157.0
330,cargados carajos,,,,,,,,
331,gunnedah,-30.9833,150.25,23.48,23.0,0.0,6.21,AU,1726707157.0
332,seminole,28.7086,-81.2081,29.6,78.0,75.0,5.14,US,1726707158.0
333,cheongsong gun,36.4335,129.057,27.57,75.0,100.0,0.8,KR,1726707158.0
334,serhetabat,35.2799,62.3438,14.98,51.0,87.0,1.73,TM,1726707158.0
335,kiunga,-6.1219,141.2906,27.0,82.0,100.0,1.49,PG,1726707158.0
336,zeya,53.75,127.2667,9.81,44.0,0.0,2.13,RU,1726707158.0
337,huarmey,-10.0681,-78.1522,17.26,82.0,32.0,4.42,PE,1726707158.0
338,warrnambool,-38.3833,142.4833,11.79,74.0,94.0,11.94,AU,1726707159.0
339,brownsville,25.9018,-97.4975,29.99,83.0,20.0,6.17,US,1726706914.0
340,sumbawa besar,-8.5,117.4333,30.7,53.0,84.0,2.29,ID,1726707159.0
341,novaya ladoga,60.1025,32.3019,11.77,92.0,100.0,2.96,RU,1726707159.0
342,puerto la cruz,10.2167,-64.6167,27.35,82.0,100.0,2.91,VE,1726707159.0
343,marginea,47.8167,25.8167,13.37,85.0,100.0,2.38,RO,1726707160.0
344,whitby,54.4877,-0.615,12.99,87.0,7.0,0.96,GB,1726706873.0
345,usogorsk,63.4106,48.6872,11.18,95.0,100.0,2.18,RU,1726707160.0
346,mozhaysk,55.5019,36.0272,12.13,63.0,28.0,2.17,RU,1726707160.0
347,quang ngai,15.1167,108.8,23.18,97.0,100.0,2.71,VN,1726707161.0
348,kuching,1.55,110.3333,28.35,82.0,20.0,3.09,MY,1726707161.0
349,dudinka,69.4058,86.1778,5.57,97.0,100.0,4.81,RU,1726707161.0
350,kalmunai,7.4167,81.8167,26.23,74.0,27.0,2.11,LK,1726707161.0
351,flying fish cove,-10.4217,105.6791,25.82,73.0,20.0,4.63,CX,1726707161.0
352,timmins,48.4669,-81.3331,18.9,59.0,40.0,2.06,CA,1726707162.0
353,thann,47.8167,7.0833,11.43,93.0,1.0,2.78,FR,1726707162.0
354,yamada,39.4667,141.95,24.41,64.0,66.0,1.89,JP,1726707163.0
355,saldanha,-33.0117,17.9442,11.03,75.0,2.0,10.64,ZA,1726707021.0
356,ust'-kut,56.7938,105.7672,4.92,87.0,99.0,1.79,RU,1726707163.0
357,raduzhny,62.0961,77.475,9.68,93.0,100.0,3.41,RU,1726707163.0
358,karratha,-20.7377,116.8463,29.26,38.0,53.0,3.65,AU,1726707163.0
359,lydenburg,-25.0978,30.4597,16.33,43.0,47.0,0.64,ZA,1726707163.0
360,dadonghai,,,,,,,,
361,tarawa,1.419,172.984,30.05,66.0,75.0,4.12,KI,1726707164.0
362,gurupi,-11.7292,-49.0686,30.91,26.0,26.0,1.32,BR,1726707164.0
363,fauske,67.2588,15.3918,15.53,88.0,100.0,3.35,NO,1726707164.0
364,kataragama,,,,,,,,
365,dzuunharaa,48.8523,106.4579,1.98,63.0,85.0,2.49,MN,1726707165.0
366,taulaga,-11.0553,-171.0883,27.54,70.0,4.0,0.75,AS,1726707165.0
367,malango,-2.9627,119.9001,25.37,64.0,57.0,1.31,ID,1726707165.0
368,neiafu,-18.65,-173.9833,24.38,73.0,100.0,3.09,TO,1726707165.0
369,olyokminsk,60.3736,120.4264,2.89,75.0,100.0,3.33,RU,1726707165.0
370,cole harbour,44.6724,-63.4751,19.96,85.0,100.0,2.57,CA,1726707165.0
371,ambovombe,-25.1667,46.0833,22.71,68.0,3.0,1.75,MG,1726707166.0
372,natal,-5.795,-35.2094,24.36,78.0,75.0,5.14,BR,1726707138.0
373,lagos,6.5833,3.75,23.76,94.0,97.0,2.47,NG,1726707166.0
374,funafuti,-8.5243,179.1942,30.0,79.0,40.0,1.54,TV,1726707166.0
375,nova vicosa,-17.8919,-39.3719,22.53,87.0,55.0,5.35,BR,1726707166.0
376,khorramabad,33.4878,48.3558,17.79,39.0,0.0,2.06,IR,1726707167.0
377,mindresti,47.5072,28.2769,14.87,63.0,100.0,2.83,MD,1726707167.0
378,wenchang,30.904,118.4887,28.02,86.0,84.0,5.1,CN,1726707167.0
379,rincon de la victoria,36.7172,-4.2758,23.25,75.0,84.0,2.22,ES,1726707167.0
380,kimbe,-5.5502,150.1429,32.29,57.0,62.0,1.86,PG,1726707167.0
381,san fernando de apure,7.8878,-67.4724,27.04,78.0,100.0,0.52,VE,1726707167.0
382,hithadhoo,-0.6,73.0833,27.93,76.0,100.0,6.46,MV,1726707168.0
383,canutama,-6.5339,-64.3831,29.21,43.0,81.0,1.56,BR,1726707168.0
384,horta,38.5333,-28.6333,19.45,78.0,8.0,3.58,PT,1726707168.0
385,bolivar,37.6145,-93.4105,27.22,58.0,23.0,4.09,US,1726707168.0
386,buala,-8.145,159.5921,29.51,71.0,29.0,3.78,SB,1726707168.0
387,minas de matahambre,22.5887,-83.9447,26.42,87.0,3.0,1.23,CU,1726707168.0
388,arendal,58.4615,8.7725,11.28,90.0,31.0,2.0,NO,1726707169.0
389,myeik,12.4333,98.6,24.81,93.0,100.0,1.82,MM,1726707169.0
390,zvenihorodka,49.0787,30.9675,12.04,32.0,77.0,4.69,UA,1726707169.0
391,zarzis,33.504,11.1122,26.47,75.0,81.0,8.11,TN,1726707169.0
392,happy valley-goose bay,53.3168,-60.3315,11.17,71.0,75.0,3.09,CA,1726707169.0
393,el bayadh,33.6832,1.0193,21.53,52.0,99.0,2.65,DZ,1726707169.0
394,nadi,-17.8,177.4167,27.0,47.0,75.0,2.57,FJ,1726707169.0
395,savanna-la-mar,18.219,-78.1332,29.96,89.0,100.0,0.37,JM,1726707170.0
396,gongzhuling,43.5008,124.8198,19.4,74.0,84.0,3.26,CN,1726707170.0
397,cork,51.898,-8.4706,13.68,87.0,20.0,3.09,IE,1726706901.0
398,tete,-16.1564,33.5867,24.11,25.0,0.0,0.94,MZ,1726707170.0
399,westport,41.1415,-73.3579,21.62,81.0,100.0,1.34,US,1726707042.0
400,aoulef,26.9667,1.0833,32.56,28.0,98.0,6.53,DZ,1726707170.0
401,sao felix do xingu,-6.6447,-51.995,27.63,53.0,72.0,0.32,BR,1726707170.0
402,qamdo,31.1667,97.2333,10.57,67.0,2.0,1.39,CN,1726707171.0
403,kirakira,-10.4544,161.9205,29.19,72.0,13.0,3.46,SB,1726707171.0
404,al muwayh,22.4333,41.7583,26.58,33.0,4.0,2.34,SA,1726707171.0
405,filey,54.21,-0.2892,13.27,89.0,9.0,0.45,GB,1726707171.0
406,nago,26.5881,127.9761,28.11,91.0,100.0,8.77,JP,1726707171.0
407,iola,37.9245,-95.4,31.03,51.0,0.0,5.14,US,1726706903.0
408,kirensk,57.7853,108.1119,4.64,90.0,97.0,2.98,RU,1726707171.0
409,port nelson,23.6333,-74.8333,29.73,70.0,100.0,5.12,BS,1726707172.0
410,nova praha,48.5682,32.9027,14.55,23.0,100.0,5.68,UA,1726707172.0
411,ordos,,,,,,,,
412,huayin,34.5675,110.0921,28.93,63.0,0.0,1.62,CN,1726707172.0
413,banning,33.9256,-116.8764,23.4,54.0,0.0,1.79,US,1726707169.0
414,chiili,,,,,,,,
415,i-n-salah,27.1935,2.4607,33.73,24.0,100.0,5.76,DZ,1726707173.0
416,kostanay,53.1667,63.5833,2.16,93.0,0.0,1.0,KZ,1726707173.0
417,lavinio,41.5011,12.5804,18.4,82.0,100.0,2.29,IT,1726707173.0
418,amancio,20.8257,-77.5799,26.65,85.0,43.0,1.72,CU,1726707173.0
419,puerto deseado,-47.7503,-65.8938,6.16,91.0,100.0,4.18,AR,1726706897.0
420,kolonia town,6.964,158.206,33.0,62.0,40.0,3.09,FM,1726707174.0
421,colonia,50.9333,6.95,18.31,75.0,0.0,4.63,DE,1726707002.0
422,plastun,44.7561,136.2939,19.42,37.0,100.0,2.91,RU,1726707174.0
423,kambia,9.1167,-12.9167,23.65,96.0,99.0,0.55,SL,1726707174.0
424,gamba,-2.65,10.0,23.55,89.0,100.0,3.38,GA,1726707174.0
425,greymouth,-42.4667,171.2,11.68,87.0,98.0,6.42,NZ,1726707174.0
426,hanceville,34.0607,-86.7675,24.0,81.0,0.0,1.59,US,1726707175.0
427,maintirano,-18.0667,44.0167,23.53,90.0,0.0,1.42,MG,1726707175.0
428,guanare,9.0418,-69.7421,24.34,90.0,17.0,1.42,VE,1726707116.0
429,nelson bay,-32.7167,152.15,24.5,40.0,0.0,4.47,AU,1726707175.0
430,la sierpe,21.7717,-79.2684,25.37,91.0,64.0,2.62,CU,1726707175.0
431,twentynine palms,34.1356,-116.0542,30.08,16.0,0.0,2.75,US,1726706957.0
432,megion,61.0296,76.1136,12.01,95.0,79.0,3.06,RU,1726707176.0
433,vila franca do campo,37.7167,-25.4333,20.23,73.0,1.0,2.86,PT,1726707176.0
434,pacific grove,36.6177,-121.9166,19.82,85.0,0.0,3.09,US,1726706997.0
435,karasu,41.071,30.7854,20.07,81.0,99.0,2.67,TR,1726707176.0
436,slave lake,55.2834,-114.769,15.99,51.0,0.0,4.63,CA,1726707176.0
437,gaspe,48.8334,-64.4819,15.12,100.0,20.0,1.03,CA,1726707176.0
438,verkhnevilyuysk,63.4453,120.3167,0.96,73.0,61.0,3.09,RU,1726707177.0
439,inhambane,-23.865,35.3833,23.22,82.0,0.0,6.18,MZ,1726707177.0
440,kavieng,-2.5744,150.7967,30.29,68.0,18.0,6.72,PG,1726707177.0
441,rawlins,41.7911,-107.2387,16.94,25.0,0.0,8.61,US,1726707177.0
442,palmital,-22.7889,-50.2175,21.25,63.0,8.0,3.73,BR,1726707177.0
443,tadine,-21.55,167.8833,21.95,53.0,94.0,4.65,NC,1726707177.0
444,kabinda,-6.1333,24.4833,20.8,83.0,100.0,2.21,CD,1726707177.0
445,tobi village,,,,,,,,
446,sogndal,61.2283,7.1003,13.21,100.0,51.0,0.0,NO,1726707178.0
447,parambu,-6.2111,-40.6944,26.64,39.0,94.0,1.47,BR,1726707178.0
448,hammerfest,70.6634,23.6821,13.25,94.0,100.0,7.72,NO,1726707178.0
449,arvin,35.2091,-118.8284,28.34,24.0,2.0,3.29,US,1726707178.0
450,maputo,-25.9653,32.5892,22.35,93.0,90.0,2.68,MZ,1726707004.0
451,anabar,,,,,,,,
452,prince rupert,54.3161,-130.3201,13.05,82.0,100.0,5.14,CA,1726707179.0
453,lorengau,-2.0226,147.2712,29.88,71.0,11.0,4.25,PG,1726707179.0
454,musan-up,42.2261,129.2078,20.53,69.0,100.0,1.97,KP,1726707179.0
455,ujae,8.9322,165.7642,29.19,71.0,51.0,7.0,MH,1726707179.0
456,yinchuan,38.4681,106.2731,24.54,64.0,36.0,2.79,CN,1726707180.0
457,okha,53.5739,142.9478,10.74,59.0,47.0,7.65,RU,1726707180.0
458,buka,40.8108,69.1986,17.93,35.0,94.0,2.04,UZ,1726707180.0
459,cockburn town,21.4612,-71.1419,28.94,77.0,57.0,7.78,TC,1726707180.0
460,acarau,-2.8856,-40.12,25.65,79.0,0.0,7.65,BR,1726707180.0
461,cill airne,52.05,-9.5167,11.58,91.0,0.0,1.67,IE,1726707180.0
462,tobruk,32.0836,23.9764,27.3,77.0,97.0,3.37,LY,1726707181.0
463,la tuque,47.4334,-72.7824,18.14,77.0,6.0,0.51,CA,1726707181.0
464,hasaki,35.7333,140.8333,26.12,89.0,95.0,5.01,JP,1726707181.0
465,saint-pierre,-21.3393,55.4781,19.82,68.0,0.0,3.09,RE,1726707181.0
466,alvaraes,-3.2208,-64.8042,28.51,51.0,31.0,0.82,BR,1726707181.0
467,villa gesell,-37.2639,-56.973,12.43,91.0,100.0,5.17,AR,1726707009.0
468,la carolina,38.2756,-3.6153,17.46,76.0,42.0,0.27,ES,1726707182.0
469,barinitas,8.7622,-70.4111,21.68,94.0,31.0,2.4,VE,1726707182.0
470,nagqu,31.5,92.0,5.92,73.0,100.0,1.37,CN,1726707182.0
471,ketchikan,55.3422,-131.6461,12.26,87.0,100.0,7.2,US,1726707182.0
472,serdar,38.9764,56.2757,14.44,39.0,6.0,1.73,TM,1726707182.0
473,novy bydzov,50.2415,15.4908,14.99,66.0,83.0,3.55,CZ,1726707182.0
474,askoy,60.4092,5.226,11.16,100.0,97.0,1.54,NO,1726707183.0
475,zalingei,12.9096,23.4741,21.92,83.0,100.0,0.66,SD,1726707183.0
476,luganville,-15.5333,167.1667,24.8,63.0,91.0,4.62,VU,1726707183.0
477,lata,40.1629,-8.3327,14.2,92.0,5.0,0.47,PT,1726707183.0
478,galliano,29.4422,-90.2992,27.0,83.0,75.0,0.0,US,1726707183.0
479,minas de marcona,-15.2119,-75.1103,11.67,85.0,52.0,4.72,PE,1726707183.0
480,tambura,5.6,27.4667,20.46,95.0,3.0,1.64,SS,1726707183.0
481,caimancito,-23.7407,-64.5937,23.45,47.0,0.0,1.06,AR,1726707184.0
482,kuanda,56.3161,116.0806,5.78,60.0,84.0,3.22,RU,1726707184.0
483,miyaly,48.8844,53.7836,10.27,38.0,0.0,4.24,KZ,1726707184.0
484,boguchany,58.3814,97.4531,4.98,94.0,73.0,1.94,RU,1726707184.0
485,benemerito de las americas,16.5167,-90.6439,25.47,93.0,70.0,0.64,MX,1726707184.0
486,zharkent,44.1628,80.0,14.31,37.0,5.0,1.37,KZ,1726707184.0
487,jabat,7.75,168.9751,28.3,74.0,100.0,2.89,MH,1726707185.0
488,khorixas,-20.3667,14.9667,13.08,53.0,0.0,0.57,NA,1726707185.0
489,asbe teferi,9.0833,40.8667,16.04,80.0,4.0,1.73,ET,1726707185.0
490,ancud,-41.8697,-73.8203,8.53,93.0,100.0,3.3,CL,1726706912.0
491,minab,27.1467,57.0801,29.02,61.0,0.0,0.86,IR,1726707185.0
492,novyy urgal,51.0736,132.5642,7.24,52.0,99.0,1.91,RU,1726707185.0
493,salinas,36.6777,-121.6555,20.05,73.0,0.0,4.63,US,1726707186.0
494,mirny,62.5353,113.9611,0.6,75.0,13.0,3.92,RU,1726707186.0
495,stornoway,58.2093,-6.3865,7.98,93.0,12.0,1.03,GB,1726707186.0
496,cabo san lucas,22.8909,-109.9124,25.42,63.0,70.0,6.71,MX,1726707186.0
497,marsa alam,25.0757,34.8918,28.3,50.0,0.0,5.72,EG,1726707186.0
498,carnarvon,-24.8667,113.6333,23.45,47.0,6.0,7.74,AU,1726707186.0
499,ola,59.5833,151.2833,9.46,62.0,88.0,2.07,RU,1726707187.0
500,lijiang,26.8688,100.2207,17.77,83.0,0.0,0.52,CN,1726707187.0
501,san juan de miraflores,-12.1629,-76.9635,16.21,84.0,61.0,4.41,PE,1726707187.0
502,san angelo,31.4638,-100.437,32.52,49.0,0.0,3.58,US,1726707187.0
503,santa ana,33.7456,-117.8678,23.46,65.0,40.0,4.12,US,1726707187.0
504,kruisfontein,-34.0033,24.7314,10.6,75.0,100.0,10.39,ZA,1726707187.0
505,hirtshals,57.5881,9.9592,14.58,83.0,22.0,3.3,DK,1726707188.0
506,ertil',51.8406,40.8056,10.48,32.0,0.0,1.59,RU,1726707188.0
507,sumberpucung,-8.1586,112.4829,28.28,48.0,90.0,1.37,ID,1726707188.0
508,tarauaca,-8.1614,-70.7656,28.0,43.0,18.0,1.54,BR,1726707134.0
509,tayshet,55.9342,98.0044,5.39,91.0,100.0,1.86,RU,1726707188.0
510,miyang,24.4042,103.4428,21.5,82.0,34.0,3.52,CN,1726707188.0
511,erenhot,43.6475,111.9767,14.67,59.0,32.0,7.3,CN,1726707189.0
512,thunder bay,48.4001,-89.3168,22.99,53.0,40.0,2.06,CA,1726707189.0
513,kandira,41.0736,30.1746,20.28,68.0,100.0,2.44,TR,1726707189.0
514,verdal,63.7933,11.4817,13.13,93.0,46.0,0.95,NO,1726707189.0
515,mthatha,-31.5889,28.7844,13.31,94.0,100.0,6.17,ZA,1726707189.0
516,bargaal,11.2864,51.0773,26.67,69.0,3.0,1.91,SO,1726707189.0
517,marquette,46.5333,-87.6335,19.39,74.0,0.0,2.84,US,1726707002.0
518,nueva gerona,21.8833,-82.8,29.37,71.0,11.0,2.39,CU,1726707190.0
519,yucheng,34.9289,116.4653,25.21,92.0,98.0,2.66,CN,1726707190.0
520,port blair,11.6667,92.75,28.02,83.0,100.0,3.09,IN,1726707191.0
521,kailua-kona,19.6406,-155.9956,28.98,83.0,75.0,2.06,US,1726707191.0
522,hafnarfjordur,64.0671,-21.9377,5.93,81.0,75.0,5.14,IS,1726707191.0
523,dongola,19.1667,30.4833,32.36,18.0,27.0,5.9,SD,1726707191.0
524,griffith,41.5284,-87.4237,23.3,51.0,0.0,0.0,US,1726707191.0
525,revelstoke,50.9832,-118.2023,25.01,31.0,40.0,4.12,CA,1726707170.0
526,una,20.8167,71.0333,23.77,87.0,66.0,2.7,IN,1726707192.0
527,hadibu,12.65,54.0333,25.06,86.0,30.0,3.09,YE,1726707192.0
528,agat village,13.3886,144.6585,31.87,86.0,40.0,3.09,GU,1726707192.0
529,immokalee,26.4187,-81.4173,29.41,69.0,40.0,2.27,US,1726707192.0
530,inhapi,-9.2214,-37.7486,19.75,79.0,0.0,4.57,BR,1726707192.0
531,bubaque,11.2833,-15.8333,26.8,82.0,94.0,4.91,GW,1726707192.0
532,oberboihingen,48.65,9.3667,16.99,72.0,0.0,3.09,DE,1726707193.0
533,chui,-33.6971,-53.4616,14.22,91.0,0.0,4.75,UY,1726707073.0
534,tucumcari,35.1717,-103.725,29.91,21.0,0.0,7.2,US,1726707194.0
535,rock springs,41.5875,-109.2029,17.69,40.0,20.0,7.72,US,1726707194.0
536,rundu,-17.9333,19.7667,21.4,20.0,19.0,2.16,NA,1726707194.0
537,bolgatanga,10.7856,-0.8514,23.5,94.0,57.0,1.39,GH,1726707194.0
538,harper,4.375,-7.7169,24.11,88.0,47.0,4.11,LR,1726707194.0
539,makueni boma,-1.8041,37.6203,17.3,85.0,100.0,2.03,KE,1726707195.0
540,playas,-2.6333,-80.3833,21.13,83.0,81.0,5.81,EC,1726707195.0
541,piton saint-leu,-21.2196,55.3151,18.06,68.0,0.0,3.09,RE,1726707195.0
542,olgii,,,,,,,,
543,freetown,8.484,-13.2299,24.84,94.0,75.0,4.63,SL,1726707195.0
544,kez,57.8979,53.7152,10.34,86.0,6.0,2.11,RU,1726707195.0
545,lubang,13.8584,120.124,28.29,80.0,99.0,11.43,PH,1726707196.0
546,ardakan,32.31,54.0175,22.51,33.0,0.0,5.59,IR,1726707196.0
547,alice springs,-23.7,133.8833,27.75,10.0,5.0,2.57,AU,1726707196.0
548,luang prabang,19.8856,102.1347,23.98,100.0,100.0,1.03,LA,1726707196.0
549,jinxiang,27.4327,120.6062,28.7,82.0,100.0,3.12,CN,1726707196.0
550,carrigaline,51.8117,-8.3986,13.67,87.0,20.0,3.09,IE,1726707196.0
551,richmond hill,43.8711,-79.4372,20.92,79.0,100.0,1.45,CA,1726707196.0
552,longonjo,-12.9067,15.2533,18.48,75.0,90.0,0.53,AO,1726707197.0
553,kulhudhuffushi,6.6221,73.07,27.92,76.0,100.0,5.6,MV,1726707197.0
554,ed damer,17.5928,33.9592,31.95,36.0,4.0,1.92,SD,1726707197.0
555,saudarkrokur,65.7461,-19.6394,3.33,96.0,100.0,3.49,IS,1726707197.0
556,ixtapa,20.7,-105.2,25.95,91.0,96.0,0.77,MX,1726707197.0
557,kangding,30.0513,101.9603,17.9,91.0,87.0,1.21,CN,1726707197.0
558,gvardeysk,54.6477,21.0651,13.97,79.0,0.0,2.57,RU,1726707198.0
559,afif,23.9065,42.9172,26.51,25.0,85.0,7.32,SA,1726707198.0
560,cananea,30.95,-110.3,20.46,41.0,5.0,4.5,MX,1726707198.0
561,basco,20.4487,121.9702,29.14,79.0,100.0,5.0,PH,1726707198.0
562,cibitoke,-2.8833,29.25,20.05,59.0,100.0,1.48,BI,1726707198.0
563,deqen,29.9618,90.7188,10.69,63.0,0.0,0.33,CN,1726707199.0
564,ormara,25.2088,64.6357,26.53,86.0,0.0,1.72,PK,1726707199.0
565,angol,-37.8,-72.7167,7.76,99.0,100.0,3.45,CL,1726707189.0
566,massakory,12.996,15.7293,25.69,75.0,100.0,2.72,TD,1726707199.0
567,gabes,33.8815,10.0982,26.11,79.0,46.0,6.78,TN,1726707199.0
568,touros,-5.1989,-35.4608,24.61,79.0,0.0,7.07,BR,1726707199.0
569,oropesa del mar,40.1,0.15,21.19,67.0,100.0,1.03,ES,1726707200.0
570,balkanabat,39.5108,54.3671,19.69,28.0,2.0,3.97,TM,1726707200.0
571,faya-largeau,17.9257,19.1043,34.52,25.0,0.0,3.93,TD,1726707200.0
572,puerto aysen,-45.4,-72.7,5.19,100.0,100.0,0.75,CL,1726707200.0
573,dauphin,51.1494,-100.0502,20.08,94.0,75.0,4.63,CA,1726707200.0
574,new norfolk,-42.7826,147.0587,10.95,95.0,90.0,4.4,AU,1726707200.0
575,umatilla,45.5001,-118.5014,19.56,55.0,0.0,0.0,US,1726707201.0
576,bridgewater,44.3835,-64.5155,19.82,85.0,100.0,2.06,CA,1726707185.0
577,vila velha,-20.3297,-40.2925,23.3,77.0,100.0,2.57,BR,1726707143.0
578,talcahuano,-36.7167,-73.1167,10.82,93.0,100.0,10.8,CL,1726707201.0
579,port saint john's,-31.6229,29.5448,18.01,89.0,100.0,6.34,ZA,1726707201.0
580,tranovaho,,,,,,,,
581,t'q'ibuli,42.3512,42.9987,15.66,56.0,100.0,7.55,GE,1726707202.0
582,deltebre,40.7499,0.7868,18.25,95.0,51.0,3.91,ES,1726707202.0
583,flin flon,54.7682,-101.865,19.38,63.0,100.0,1.9,CA,1726707202.0
584,chinde,26.8212,87.7095,25.89,76.0,4.0,1.7,NP,1726707202.0
585,ta`u,-14.2336,-169.5144,26.3,74.0,50.0,3.19,AS,1726707202.0
586,taroa,8.7058,171.2275,28.51,74.0,22.0,3.01,MH,1726707202.0
587,pitangui,-19.6828,-44.8903,22.57,57.0,1.0,4.46,BR,1726707203.0
588,kone,-21.0595,164.8658,26.27,38.0,100.0,1.82,NC,1726707203.0
589,mulayjah,27.271,48.4242,28.67,27.0,0.0,4.2,SA,1726707203.0
590,chippewa falls,44.9369,-91.3929,24.43,62.0,100.0,4.92,US,1726707203.0
591,mahanje,-9.9333,35.3333,15.13,79.0,0.0,1.36,TZ,1726707203.0
592,bereznik,62.8551,42.7072,11.96,79.0,100.0,3.77,RU,1726707203.0
593,corner brook,48.9667,-57.9484,13.14,93.0,100.0,0.55,CA,1726707204.0
594,pasni,25.2631,63.471,26.43,88.0,0.0,2.05,PK,1726707204.0
595,wanning,18.8003,110.3967,26.86,91.0,99.0,7.15,CN,1726707204.0
596,bogandinskiy,56.8937,65.8938,10.53,85.0,70.0,3.02,RU,1726707204.0
597,tambo,-14.8,-73.9167,6.37,42.0,30.0,1.04,PE,1726707204.0
598,shihezi,44.3,86.0333,13.78,33.0,0.0,3.0,CN,1726707204.0
599,zahle,33.8497,35.9042,12.48,80.0,96.0,1.53,LB,1726707205.0
600,jinhua,29.1078,119.6547,28.82,77.0,100.0,1.74,CN,1726707205.0
601,east london,-33.0153,27.9116,16.31,66.0,15.0,4.14,ZA,1726707020.0
602,singkil,-7.9855,111.4161,27.49,55.0,84.0,0.7,ID,1726707205.0
603,ar rutbah,33.0381,40.2848,21.93,47.0,0.0,2.71,IQ,1726707205.0
604,sirte,31.2089,16.5887,26.23,81.0,100.0,3.82,LY,1726707205.0
605,pechora,65.1472,57.2244,10.27,95.0,100.0,1.73,RU,1726707100.0
